Product category,billed_emissions_kgco2,exact_matched_emissions_kgco2,matched_share
grid,574595.019671684,472206.23183418944,0.8218070391629949
dedicated,198153.19573022242,67025.50678453648,0.33825095042014364
Uncategorized,120296.80192597778,20360.149146644446,0.16924929691125667
