Product category,billed_emissions_kgco2,share_of_total
grid,574595.019671684,0.6434110358635142
dedicated,198153.19573022242,0.22188489033075234
Uncategorized,120296.80192597778,0.1347040738057334
