Usage category,billed_emissions_kgco2,exact_matched_emissions_kgco2,matched_share
Compute,306560.11807142856,202658.49151428568,0.661072590881069
Data Transfer,286880.68740659824,281393.3162067703,0.9808722878858324
Storage,264185.5271269858,75540.08004431428,0.2859357242836566
Other,35418.68472287165,0.0,0.0
