Usage category,billed_emissions_kgco2,share_of_total
Compute,306560.11807142856,0.3432751004968365
Data Transfer,286880.68740659824,0.3212387750227703
Storage,264185.5271269858,0.2958255429468336
Other,35418.68472287165,0.039660581533559544
